1. 약효분류별 다빈도현황(본체),,,,,,,,,,,,,,,,,,,,,,,,,,,,,,,,,,,,,,,,,,,,,,,,,,,,,,,,,,,,,,,,,,,,,
,,,,,,,,,,,,,,,,,,,,,,,,,,,,,,,,,,,,,,,,,,,,,,,,,,,,,,,,,,,,,,,,,,,,,
"전체 약효분류별 현황 [단위:천개,백만원]",,,,,,,,,,,,,,,,,,,,,,,,,,,,,,,,,,,,,,,,,,,,,,,,,,,,,,,,,,,,,,,,,,,,,
,,,,,,,,,,,,,,,,,,,,,,,,,,,,,,,,,,,,,,,,,,,,,,,,,,,,,,,,,,,,,,,,,,,,,
"police_div  ('police_main')
SHEET_NAME  ('전체 약효분류별 현황 [단위:천개,백만원]')
PARAM1  ('')
   ('20190901','20220801')
기간구분  ('01')
",,,,,,,,,,,,,,,,,,,,,,,,,,,,,,,,,,,,,,,,,,,,,,,,,,,,,,,,,,,,,,,,,,,,,
,,,,,,,,,,,,,,,,,,,,,,,,,,,,,,,,,,,,,,,,,,,,,,,,,,,,,,,,,,,,,,,,,,,,,
,기간명,2019년 09월,2019년 09월,2019년 10월,2019년 10월,2019년 11월,2019년 11월,2019년 12월,2019년 12월,2020년 01월,2020년 01월,2020년 02월,2020년 02월,2020년 03월,2020년 03월,2020년 04월,2020년 04월,2020년 05월,2020년 05월,2020년 06월,2020년 06월,2020년 07월,2020년 07월,2020년 08월,2020년 08월,2020년 09월,2020년 09월,2020년 10월,2020년 10월,2020년 11월,2020년 11월,2020년 12월,2020년 12월,2021년 01월,2021년 01월,2021년 02월,2021년 02월,2021년 03월,2021년 03월,2021년 04월,2021년 04월,2021년 05월,2021년 05월,2021년 06월,2021년 06월,2021년 07월,2021년 07월,2021년 08월,2021년 08월,2021년 09월,2021년 09월,2021년 10월,2021년 10월,2021년 11월,2021년 11월,2021년 12월,2021년 12월,2022년 01월,2022년 01월,2022년 02월,2022년 02월,2022년 03월,2022년 03월,2022년 04월,2022년 04월,2022년 05월,2022년 05월,2022년 06월,2022년 06월
약효분류코드,약효분류명,수량,사용금액,수량,사용금액,수량,사용금액,수량,사용금액,수량,사용금액,수량,사용금액,수량,사용금액,수량,사용금액,수량,사용금액,수량,사용금액,수량,사용금액,수량,사용금액,수량,사용금액,수량,사용금액,수량,사용금액,수량,사용금액,수량,사용금액,수량,사용금액,수량,사용금액,수량,사용금액,수량,사용금액,수량,사용금액,수량,사용금액,수량,사용금액,수량,사용금액,수량,사용금액,수량,사용금액,수량,사용금액,수량,사용금액,수량,사용금액,수량,사용금액,수량,사용금액,수량,사용금액,수량,사용금액
계,,"4,814,517","1,772,102","5,214,936","1,900,964","5,301,167","1,844,136","5,636,322","1,934,425","5,627,179","1,957,308","4,627,934","1,735,724","4,516,749","1,797,662","4,377,612","1,782,903","4,596,997","1,808,130","4,738,394","1,898,050","4,836,753","1,956,552","4,530,767","1,835,427","4,782,710","1,940,560","4,638,239","1,851,695","4,819,634","1,884,095","4,854,107","1,986,820","4,589,857","1,886,454","4,268,205","1,759,074","5,124,539","2,075,110","5,134,831","2,041,827","4,931,759","1,954,904","4,941,673","2,038,119","4,911,374","2,066,260","4,827,555","2,046,299","4,932,027","2,019,044","5,108,844","2,037,959","5,447,999","2,118,964","5,332,381","2,168,216","5,263,384","2,088,520","4,821,032","1,902,357","5,864,838","1,972,756","4,841,638","1,620,582","3,384,236","1,075,883","44,548","18,090"
111,전신마취제,846,"3,225",892,"3,298",936,"3,458",971,"3,512","1,016","3,848",869,"3,239",843,"3,288",817,"3,067",915,"3,333","1,003","3,656","1,017","3,671",925,"3,276",898,"3,251",955,"3,498","1,016","3,653","1,038","3,650","1,054","4,069",849,"3,220","1,070","4,032","1,000","3,833",952,"3,751","1,016","3,957","1,026","4,020","1,017","4,058",936,"3,700","1,078","4,114","1,154","4,367","1,181","4,371","1,132","4,392",919,"3,426",898,"3,343",778,"2,601",541,"1,603",29,103
112,최면진정제,"20,399","2,937","21,821","3,160","21,519","3,132","22,835","3,317","23,212","3,354","21,760","3,080","23,489","3,286","22,928","3,212","22,983","3,237","23,307","3,284","24,071","3,383","22,955","3,235","24,582","3,428","22,927","3,235","23,261","3,296","25,468","3,586","24,518","3,396","23,047","3,252","26,048","3,676","24,601","3,483","23,990","3,383","24,291","3,430","24,562","3,455","24,460","3,437","24,696","3,389","24,574","3,415","25,000","3,499","26,278","3,650","25,494","3,533","23,425","3,192","25,313","3,415","23,050","3,084","19,844","2,588",178,28
113,항전간제,"65,693","17,664","69,680","18,708","70,337","18,664","72,315","19,179","73,761","19,466","69,942","18,485","73,474","19,240","72,782","19,152","72,160","18,758","75,360","19,686","78,686","20,671","74,149","19,357","79,085","20,620","73,626","19,172","75,185","19,732","79,531","20,737","75,997","19,897","71,903","18,900","81,592","21,236","77,940","20,783","75,724","20,336","78,551","21,269","80,492","22,022","79,663","21,716","79,081","21,424","77,020","20,873","79,658","21,617","81,701","22,303","79,961","21,708","71,940","19,485","71,831","18,904","59,455","14,584","38,779","8,306",449,112
114,해열·진통·소염제,"411,282","67,625","438,919","72,180","439,850","70,728","491,542","74,902","478,204","74,422","359,371","61,747","334,394","62,026","327,925","63,045","353,119","66,884","366,096","69,631","369,082","70,377","341,220","65,542","362,337","69,546","351,983","66,399","361,561","67,287","354,120","68,428","321,983","63,315","311,846","60,988","383,716","73,491","380,933","72,126","366,962","69,863","377,160","71,960","368,697","72,345","360,334","71,050","372,401","71,009","396,961","72,073","417,115","75,327","391,473","73,585","375,200","69,795","400,686","67,828","659,383","88,440","468,725","74,637","304,746","51,851","4,634",935
115,"각성제,흥분제","2,472","2,165","2,674","2,358","2,683","2,344","2,704","2,336","2,600","2,231","2,586","2,240","2,422","2,062","2,461","2,143","2,599","2,310","2,650","2,327","2,853","2,512","2,748","2,439","2,937","2,580","2,789","2,449","2,856","2,521","3,064","2,712","2,846","2,540","2,779","2,502","3,118","2,765","3,250","2,898","3,224","2,903","3,348","2,991","3,501","3,160","3,503","3,172","3,555","3,173","3,620","3,267","3,645","3,301","3,837","3,474","3,689","3,354","3,407","3,139","3,372","3,093","3,434","3,250","3,137","3,040",20,17
116,진훈제,"2,889",108,"3,070",115,"3,029",114,"3,205",121,"3,122",118,"2,890",109,"3,019",114,"3,210",121,"3,331",126,"3,477",132,"3,668",140,"3,268",124,"3,556",135,"3,403",130,"3,526",135,"3,764",144,"3,481",134,"3,491",134,"4,062",157,"3,989",154,"3,901",151,"3,998",154,"3,981",153,"3,887",150,"3,976",153,"3,953",153,"4,145",161,"4,293",167,"4,028",156,"3,669",143,"3,810",147,"3,530",135,"2,673",105,47,2
117,정신신경용제,"209,966","46,294","218,523","49,089","214,560","48,372","224,283","50,931","221,525","49,190","208,554","46,964","239,774","49,579","238,658","49,333","242,234","49,069","250,672","51,091","259,846","53,601","246,552","51,036","262,593","54,656","240,458","50,688","243,671","51,733","262,420","56,508","243,310","52,502","234,420","50,534","266,893","57,530","255,280","54,574","248,964","53,412","256,765","55,314","260,837","56,550","259,305","56,571","261,447","56,537","253,701","55,255","256,560","56,864","266,692","59,502","257,747","55,917","234,266","50,925","243,436","50,990","221,907","44,742","183,007","35,445","1,578",325
119,기타의 중추신경용약,"148,067","92,049","160,024","97,341","154,490","93,325","162,631","97,725","160,113","98,020","151,301","90,816","160,576","95,619","160,020","95,335","160,954","96,088","171,044","101,742","179,040","105,949","180,128","105,223","179,453","106,560","159,931","95,621","163,950","98,274","179,100","107,485","164,245","98,109","158,087","94,999","185,931","109,870","178,193","105,647","173,593","104,195","182,066","108,941","183,443","110,066","183,279","110,737","182,462","109,391","181,987","108,975","186,947","111,307","193,997","116,248","183,672","110,105","167,701","101,305","169,755","100,922","146,272","86,601","101,336","58,121","1,402",944
121,국소마취제,"3,553","2,008","3,910","2,173","3,829","2,141","3,873","2,199","3,910","2,220","3,679","2,032","3,681","2,025","3,829","2,109","4,112","2,285","4,319","2,407","4,371","2,411","3,918","2,184","3,871","2,139","3,944","2,206","4,062","2,266","4,190","2,342","4,148","2,335","3,775","2,105","4,699","2,630","4,427","2,468","4,133","2,308","4,339","2,414","4,437","2,476","4,273","2,385","3,965","2,306","4,337","2,580","4,537","2,703","4,436","2,640","4,264","2,608","3,969","2,392","4,173","2,535","4,074","2,400","3,437","1,947",50,61
122,골격근이완제,"55,487","7,564","57,720","7,769","56,223","7,583","56,568","7,635","56,044","7,652","50,167","6,780","53,693","7,207","56,301","7,497","60,206","8,036","62,046","8,333","62,796","8,447","58,713","7,900","61,652","8,227","58,751","7,926","59,087","7,995","60,235","8,142","57,015","7,897","55,262","7,490","65,709","8,951","63,919","8,709","62,726","8,562","64,171","8,785","65,023","8,955","64,177","8,858","63,706","8,692","63,306","8,721","64,810","9,011","63,894","8,908","61,044","8,533","55,889","7,692","61,085","8,345","59,507","8,019","47,561","6,311",938,148
123,자율신경제,"18,990","2,687","19,859","2,809","19,897","2,847","21,309","3,048","21,039","3,036","19,094","2,750","19,857","2,853","19,633","2,827","20,224","2,908","21,171","3,065","22,072","3,198","20,757","3,008","22,288","3,206","20,520","2,985","21,163","3,081","22,910","3,332","21,564","3,157","20,389","2,963","23,052","3,367","21,890","3,195","21,468","3,130","22,094","3,227","22,503","3,288","22,600","3,288","22,555","3,277","22,109","3,235","22,709","3,328","23,774","3,479","22,837","3,360","20,310","2,979","21,596","3,142","19,607","2,853","14,354","1,997",175,33
124,진경제,"30,156","3,818","29,644","3,828","29,011","3,740","33,009","4,180","32,580","4,191","26,505","3,420","25,502","3,298","25,150","3,258","27,452","3,543","29,049","3,715","31,468","4,007","28,770","3,672","29,469","3,773","26,665","3,461","28,205","3,656","30,602","3,950","28,915","3,776","27,721","3,558","30,228","3,877","28,110","3,606","27,584","3,541","28,981","3,715","29,456","3,776","29,181","3,750","29,488","3,782","28,265","3,655","29,191","3,796","31,145","4,008","30,086","3,899","26,711","3,390","29,238","3,599","25,809","3,227","22,410","2,757",273,34
129,기타의 말초신경용약,1,85,1,98,1,108,1,85,1,112,1,102,1,143,1,104,1,140,1,98,1,193,1,126,1,116,1,171,0,65,2,217,1,136,1,82,1,210,1,156,0,69,2,226,1,131,1,168,2,213,1,188,1,203,2,277,1,152,2,280,1,142,0,24,-,-,-,-
131,안과용제,"91,673","56,508","98,411","58,540","94,617","55,602","99,404","57,981","98,473","57,201","90,356","52,197","93,675","54,426","100,934","58,669","108,261","63,120","106,125","62,393","107,726","63,219","99,987","59,323","107,824","63,450","105,039","59,140","104,189","56,002","113,065","57,708","110,260","55,403","108,006","53,521","130,096","65,038","133,002","67,673","122,238","61,341","128,823","64,978","132,618","67,076","132,826","66,752","128,269","66,764","129,616","66,582","129,968","66,254","136,297","69,225","131,571","65,947","125,997","62,588","132,058","68,636","140,682","73,816","108,188","54,564","1,041",663
132,이비과용제,"1,363","6,755","1,387","6,416","1,279","6,038","1,375","6,148","1,287","5,694","1,103","4,483","1,112","4,219","1,170","4,320","1,179","4,782","1,154","3,970","1,163","3,945","1,049","3,712","1,415","6,490","1,280","5,710","1,244","5,078","1,267","4,695","1,131","4,044","1,084","3,916","1,367","5,175","1,402","6,236","1,185","4,638","1,207","4,078","1,166","3,903","1,193","4,179","1,425","6,348","1,339","5,627","1,393","5,997","1,368","5,365","1,324","5,076","1,212","4,774","1,073","5,018","1,010","6,115",608,"4,294",7,35
141,항히스타민제,"233,586","13,747","262,791","14,732","271,970","14,660","294,271","15,755","252,614","15,175","179,141","11,573","120,223","10,012","111,112","9,548","151,778","10,765","153,136","10,424","143,974","10,107","123,860","9,567","140,552","12,124","161,128","11,410","198,379","11,506","142,397","10,666","97,368","8,789","103,900","8,673","177,428","11,168","202,943","12,605","164,008","10,990","138,623","10,337","122,091","10,117","100,560","9,629","162,902","12,339","191,200","12,335","228,080","13,317","189,654","12,166","183,825","11,540","162,030","11,557","222,239","15,985","219,872","14,527","178,296","10,297","1,958",93
142,자격료법제(비특이성면역원제제를 포함),"13,489","35,304","14,774","38,448","13,642","35,897","14,695","38,729","14,266","38,068","13,886","37,237","14,580","39,811","14,903","40,330","14,165","38,787","15,179","41,897","15,866","44,007","14,636","40,615","16,294","44,722","14,971","42,000","14,949","41,650","16,527","45,752","15,456","44,085","14,259","41,089","17,058","48,934","16,404","47,325","15,222","45,825","16,895","49,481","17,011","50,529","16,796","50,908","16,703","49,630","16,323","49,300","16,949","51,990","17,823","53,983","17,028","51,397","15,507","47,294","14,010","43,383","9,991","32,689","4,852","11,079",50,117
149,기타의 알레르기용약,"47,282","20,450","50,949","22,317","50,260","22,241","52,859","23,295","51,050","21,769","42,638","18,269","38,932","15,783","37,947","15,290","41,094","16,782","39,978","16,158","39,045","15,817","37,144","14,743","45,953","18,976","42,948","18,107","42,996","18,452","41,957","17,406","35,698","14,528","34,877","14,293","43,231","18,351","47,359","20,474","42,282","17,958","40,319","16,609","39,505","15,982","37,972","15,303","46,314","19,595","45,603","19,573","48,145","21,054","46,411","19,942","44,090","18,898","41,554","17,416","49,148","19,850","49,174","20,690","35,967","15,455",330,163
211,강심제,"12,474","1,261","13,725","1,373","13,784","1,355","14,567","1,402","14,605","1,450","13,439","1,323","14,236","1,409","13,821","1,394","13,396","1,355","14,139","1,450","14,334","1,472","13,317","1,370","14,303","1,448","13,755","1,398","13,993","1,426","15,009","1,508","13,777","1,446","13,098","1,344","15,520","1,591","14,723","1,509","14,040","1,439","14,813","1,536","14,697","1,538","14,469","1,509","14,412","1,473","14,492","1,479","15,134","1,536","15,554","1,568","14,802","1,523","13,845","1,386","13,452","1,286","10,686","1,002","5,775",512,85,9
212,부정맥용제,"23,951","2,638","25,483","2,829","24,874","2,835","25,966","2,930","25,333","2,857","24,264","2,744","25,615","2,972","25,667","2,906","25,537","2,759","26,879","3,019","27,854","3,150","25,853","2,915","27,955","3,117","25,937","2,964","26,680","3,049","28,888","3,285","26,650","3,099","25,759","2,927","29,663","3,432","28,605","3,314","27,616","3,138","28,981","3,363","29,230","3,412","28,872","3,343","28,976","3,148","28,818","3,142","29,622","3,324","30,853","3,397","29,379","3,284","26,838","3,000","26,092","2,609","21,960","1,834","15,703",879,173,14
213,이뇨제,"27,310","1,527","28,997","1,632","28,558","1,601","29,777","1,642","29,876","1,731","28,235","1,568","29,817","1,683","29,605","1,671","29,434","1,653","30,676","1,729","31,099","1,756","29,069","1,626","30,714","1,723","28,956","1,650","29,219","1,662","31,412","1,754","29,438","1,721","27,888","1,574","32,523","1,841","31,083","1,769","30,135","1,702","31,303","1,789","31,249","1,784","30,616","1,749","30,104","1,707","29,788","1,701","30,599","1,756","31,639","1,785","30,573","1,785","27,784","1,584","27,234","1,511","22,607","1,218","15,116",711,214,12
214,혈압강하제,"271,384","145,443","291,703","156,672","280,814","150,132","297,277","159,177","291,774","156,142","284,879","153,081","293,707","157,641","289,725","155,781","291,421","156,823","299,768","161,228","305,797","164,252","289,597","155,732","308,639","166,539","288,869","155,036","291,945","157,530","321,879","173,385","291,672","157,610","280,390","151,632","323,496","175,068","308,799","167,092","303,637","164,835","311,413","168,488","315,625","171,384","310,205","168,373","305,333","165,857","307,636","167,081","313,999","170,778","332,282","181,606","312,785","170,799","286,685","156,718","297,416","163,130","262,345","143,441","207,574","114,024","2,236","1,249"
215,혈관보강제,"5,469","1,115","5,773","1,176","5,972","1,221","6,355","1,302","6,391","1,312","5,675","1,164","5,721","1,172","5,886","1,206","6,361","1,307","6,742","1,385","6,954","1,432","6,716","1,381","6,837","1,410","6,522","1,341","6,437","1,323","6,905","1,421","6,540","1,343","6,146","1,264","7,198","1,483","7,003","1,428","6,889","1,403","7,531","1,536","7,900","1,613","7,880","1,607","7,537","1,535","7,511","1,542","7,598","1,561","7,733","1,589","7,427","1,433","6,749","1,207","7,112","1,275","6,798","1,222","4,966",891,112,22
216,혈관수축제,753,94,837,102,873,108,870,108,894,111,808,100,883,108,892,109,916,112,940,116,"1,032",125,946,113,"1,031",124,964,119,953,120,992,122,992,125,886,110,"1,044",130,"1,018",127,954,120,"1,039",129,"1,093",134,"1,078",135,"1,092",133,"1,068",133,"1,067",134,"1,095",136,"1,089",137,958,119,903,114,666,84,417,51,7,1
217,혈관확장제,"57,645","9,989","62,766","10,862","60,381","10,466","64,075","11,034","61,742","10,709","58,472","10,062","63,047","10,816","62,520","10,772","60,968","10,468","65,152","11,117","65,279","11,141","60,214","10,266","64,636","11,037","61,631","10,565","62,458","10,721","67,985","11,600","61,142","10,536","58,339","10,019","68,795","11,802","65,066","11,175","61,244","10,573","65,503","11,242","63,818","11,030","62,625","10,588","62,156","9,261","62,579","9,340","64,132","9,606","66,686","9,940","62,676","9,391","57,077","8,505","51,764","7,681","41,378","6,072","20,304","3,147",349,59
218,동맥경화용제,"235,796","163,633","255,230","177,329","244,591","169,976","260,241","181,603","253,521","175,900","245,577","170,146","256,024","178,093","256,268","178,524","258,035","178,773","271,051","188,543","279,443","193,850","264,167","183,404","284,535","197,560","268,595","186,046","273,234","189,638","300,836","208,577","274,814","190,406","263,017","182,617","307,473","213,844","295,342","206,089","289,662","201,911","304,583","213,326","311,011","217,699","306,812","214,834","303,025","212,198","307,281","214,314","315,861","221,201","334,305","233,540","314,824","219,997","288,675","202,292","292,569","202,237","253,750","173,560","183,859","121,467","2,531","1,743"
219,기타의 순환계용약,"182,534","55,844","193,418","59,136","183,942","56,078","191,610","58,212","186,192","57,951","175,887","53,766","185,220","57,147","186,676","57,795","189,078","58,580","199,469","62,151","203,428","63,711","191,014","59,677","203,694","63,822","192,032","61,274","193,812","62,283","208,506","65,904","190,247","62,300","182,331","58,834","214,065","69,624","204,480","66,413","199,465","65,207","209,051","68,355","210,055","68,593","206,971","67,238","203,802","65,523","202,481","65,521","212,389","68,611","213,622","68,359","200,832","65,503","183,682","59,045","187,708","58,626","165,935","49,689","116,503","32,882","1,717",552
220,호흡기관용약,75,"2,566",83,"2,859",80,"2,764",87,"2,982",86,"2,969",83,"2,840",85,"2,912",84,"2,895",83,"2,840",85,"2,911",86,"2,951",78,"2,666",87,"2,990",85,"2,926",84,"2,867",91,"3,122",84,"2,871",80,"2,740",95,"3,245",92,"3,165",87,"2,987",90,"3,095",87,"2,977",87,"2,969",87,"2,984",87,"3,017",91,"3,124",94,"3,238",87,"2,998",81,"2,804",78,"2,681",68,"2,338",39,"1,337",1,24
221,호흡촉진제,82,230,80,229,85,233,73,190,94,287,68,181,67,193,72,212,73,201,78,218,82,233,78,220,76,211,77,211,77,217,66,173,87,263,71,209,82,228,76,213,76,213,75,214,71,210,72,211,67,193,70,200,71,198,60,158,77,245,62,178,59,175,47,128,27,63,2,3
222,진해거담제,"377,624","31,671","469,672","39,423","524,989","43,826","604,144","50,255","553,267","51,415","357,698","34,509","239,559","26,554","186,390","21,446","204,578","21,404","206,830","21,259","198,067","20,906","167,100","18,471","186,765","21,442","212,896","22,442","272,522","25,588","211,999","23,424","154,620","20,227","151,236","18,557","231,612","23,937","262,729","25,588","226,511","23,232","194,499","21,391","161,094","18,951","133,630","17,763","190,508","20,858","259,956","25,199","350,277","31,942","280,109","29,119","285,772","30,035","297,838","32,927","615,043","63,081","439,821","44,697","244,454","22,796","2,941",249
223,함소흡입제,"432,534","3,281","449,805","3,412","526,287","4,147","472,593","3,805","668,386","5,050","452,504","3,487","510,141","3,994","468,646","3,933","498,527","4,075","485,541","3,957","500,736","4,082","489,572","3,934","472,431","3,879","494,497","4,037","466,398","3,812","429,502","3,448","612,469","4,914","451,470","3,689","505,824","4,122","508,088","4,150","591,267","4,236","525,373","4,128","530,022","4,333","572,508","4,424","518,036","4,245","532,659","4,374","560,726","4,547","504,018","4,117","636,059","5,152","488,635","3,912","575,075","4,788","404,582","3,397","227,575","1,953","2,379",18
229,기타의 호흡기관용약,"46,163","9,676","54,763","10,711","59,181","10,747","67,732","12,017","62,100","12,189","41,013","9,980","27,380","9,835","22,342","9,155","25,451","9,099","24,802","9,311","23,735","9,877","20,000","8,890","26,663","10,272","28,226","9,434","34,832","10,153","27,019","10,700","19,215","9,534","19,199","9,014","29,445","11,112","34,504","10,683","27,998","10,113","23,458","10,355","19,687","10,201","16,947","10,249","26,734","10,400","32,630","10,445","44,158","12,297","34,741","13,760","33,538","13,142","35,960","12,434","69,149","15,062","52,101","10,072","30,275","4,189",283,54
231,치과구강용약,829,666,896,619,902,645,960,687,973,695,801,532,789,508,733,467,761,476,810,499,826,508,734,458,732,466,667,465,692,506,636,473,610,471,554,423,703,539,719,543,692,507,721,509,725,503,696,485,686,480,756,521,860,604,773,534,751,543,"1,004",750,"1,799","1,266","1,034",747,557,403,5,3
232,소화성궤양용제,"356,543","97,981","370,815","99,458","365,941","97,395","393,885","105,522","385,797","101,447","330,625","89,762","333,125","92,496","329,301","92,979","342,569","96,422","354,181","100,943","364,378","105,077","341,728","98,558","371,002","107,212","350,119","101,937","360,270","105,989","381,255","113,748","345,038","102,998","328,765","97,481","386,493","115,179","375,498","111,570","362,271","107,901","373,443","112,483","374,169","112,967","371,163","112,511","375,122","111,819","377,034","112,739","397,622","119,315","406,744","123,987","377,208","113,906","357,425","104,789","434,901","116,302","369,132","101,538","255,941","69,320","3,734","1,110"
233,건위소화제,95,3,101,3,153,5,164,5,190,9,164,7,166,6,164,6,166,7,165,7,178,7,163,7,167,7,172,7,170,7,174,6,157,6,150,6,174,7,160,7,159,7,158,7,157,7,153,7,159,7,157,8,161,7,157,7,155,7,143,5,154,5,123,5,71,3,2,0
234,제산제,"86,924","3,354","95,386","3,738","99,437","3,830","105,729","4,105","105,929","4,093","94,618","3,615","97,153","3,705","95,314","3,636","97,441","3,740","99,506","3,796","102,580","3,923","97,073","3,667","104,366","3,982","98,564","3,767","99,429","3,845","105,640","4,092","98,258","3,755","92,472","3,502","104,940","3,952","98,442","3,705","95,721","3,560","97,240","3,563","97,240","3,537","96,497","3,498","96,634","3,512","96,676","3,550","99,718","3,685","102,204","3,790","97,744","3,583","89,776","3,310","101,238","3,833","87,714","3,292","66,767","2,519",783,28
235,"최토제,진토제","10,667","5,899","11,076","6,030","10,884","6,037","11,214","6,190","11,259","6,898","10,197","5,929","10,733","6,222","10,722","6,005","11,012","6,196","11,434","6,689","11,771","6,775","11,043","6,164","11,694","6,089","10,617","6,377","10,632","6,514","11,121","6,652","10,375","7,161","9,892","6,070","11,317","7,339","10,704","6,951","10,576","6,742","10,971","7,058","10,844","7,052","10,838","7,103","10,952","6,674","10,640","6,906","10,660","7,194","10,903","7,227","10,439","7,188","9,361","6,233","10,216","5,885","9,326","4,124","6,911","2,589",107,174
236,이담제,"15,360","3,186","16,673","3,459","16,072","3,339","17,105","3,564","16,732","3,463","15,325","3,172","15,729","3,258","15,986","3,316","16,304","3,379","17,301","3,597","17,871","3,723","16,660","3,462","17,690","3,680","16,910","3,509","17,340","3,603","18,689","3,894","17,266","3,578","16,235","3,371","18,869","3,918","18,227","3,791","17,405","3,618","18,717","3,890","19,023","3,964","18,692","3,889","18,302","3,809","18,644","3,890","19,238","4,021","20,216","4,234","19,062","3,975","17,205","3,592","16,357","3,430","13,805","2,910","8,332","1,761",166,35
237,정장제,"33,151","3,996","32,071","3,989","33,293","4,215","37,986","4,751","35,145","4,361","25,337","3,201","19,578","2,428","19,054","2,350","23,213","2,907","26,443","3,285","28,242","3,480","25,243","3,080","22,735","2,747","22,698","2,719","26,685","3,288","25,298","3,072","22,291","2,684","21,897","2,653","27,018","3,400","27,389","3,531","26,123","3,313","26,887","3,325","27,048","3,325","24,989","3,043","26,790","3,373","27,279","3,546","28,848","3,782","29,190","3,811","30,441","4,025","25,332","3,254","27,894","3,452","25,219","3,224","23,475","3,038",428,60
238,"하제,완장제","2,158",377,"2,272",394,"2,373",423,"2,476",438,"2,514",452,"2,376",420,"2,500",439,"2,465",432,"2,539",447,"2,645",463,"2,842",500,"2,697",467,"2,879",496,"2,794",484,"2,751",474,"2,946",506,"2,873",498,"2,736",468,"3,199",554,"3,205",571,"3,442",648,"3,465",633,"3,426",620,"3,252",562,"3,174",521,"3,048",489,"3,157",510,"3,234",520,"3,178",515,"2,886",463,"2,958",468,"2,561",407,"1,775",292,24,5
239,기타의 소화기관용약,"218,553","25,805","233,241","28,208","229,660","27,495","253,637","29,928","247,356","28,949","207,797","25,454","205,947","25,872","205,656","26,028","217,559","27,040","225,590","27,989","235,638","29,305","219,615","27,452","233,709","29,645","218,764","27,718","226,085","28,658","240,418","30,612","223,257","28,403","213,302","26,943","244,409","31,087","233,469","29,763","225,618","28,735","233,200","29,690","234,709","30,123","231,829","29,841","233,106","29,546","232,523","29,626","241,424","30,807","250,666","32,136","237,892","30,168","219,309","27,741","255,181","30,066","218,076","25,651","167,315","18,440","2,340",255
241,뇌하수체호르몬제,"2,637","6,758","2,904","8,281","2,816","7,423","2,985","7,853","2,938","7,991","2,691","7,783","2,830","7,456","2,831","8,166","2,830","7,913","2,951","8,127","3,084","8,898","2,881","8,360","3,166","8,720","2,979","8,504","3,105","8,727","3,379","9,400","3,073","9,310","2,925","8,980","3,357","9,966","3,229","10,168","3,135","9,596","3,287","10,456","3,290","10,607","3,280","10,764","3,350","10,568","3,341","10,506","3,486","11,472","3,690","11,920","3,483","11,717","3,152","11,256","3,347","12,293","3,023","11,955","1,985","5,415",14,193
243,"갑상선,부갑상선호르몬제","36,403","2,725","39,454","2,975","37,710","2,969","39,422","2,950","38,357","3,003","36,526","2,955","37,161","2,862","38,525","2,770","38,654","2,890","41,420","3,054","42,058","2,983","38,918","2,952","41,155","2,877","38,659","2,719","40,428","2,805","42,625","2,732","39,497","2,835","36,967","2,410","43,211","3,087","42,154","2,883","40,026","2,687","43,396","2,975","43,731","2,962","42,253","3,004","41,234","2,679","41,976","2,828","43,748","3,083","44,931","2,906","42,230","2,903","37,693","2,442","37,667","2,457","32,144","1,997","19,727","1,126",444,28
244,단백동화스테로이드제,13,7,16,8,13,7,13,8,15,9,12,7,14,8,16,11,13,9,15,11,17,12,14,10,16,12,17,12,14,10,17,12,15,11,13,9,15,11,17,12,14,10,17,12,17,12,15,10,19,13,15,11,17,12,18,12,15,11,13,9,7,5,2,1,0,0,-,-
245,부신호르몬제,"54,000","5,056","55,268","5,244","53,767","5,104","55,493","5,142","53,712","5,410","43,633","4,210","42,134","4,166","41,941","4,135","46,326","4,549","47,599","4,668","46,459","4,599","45,189","4,461","49,111","4,730","44,077","4,390","43,686","4,288","43,280","4,183","39,142","4,211","37,448","3,840","45,686","4,615","48,795","4,780","45,270","4,531","45,778","4,584","46,932","4,735","44,251","4,503","48,040","4,700","47,906","4,708","50,265","4,915","46,765","4,500","46,304","4,725","43,698","4,236","56,411","5,128","50,363","4,559","36,210","3,295",417,49
246,남성호르몬제,219,101,239,110,224,103,256,118,213,98,217,99,236,108,262,120,223,102,226,103,264,120,220,101,229,104,221,101,241,110,242,109,218,99,190,86,262,119,251,114,191,86,167,78,196,91,159,74,153,72,135,63,1,0,1,0,0,0,0,0,1,0,0,0,0,0,-,-
247,난포호르몬 및 황체호르몬제,"9,299","4,222","10,032","4,437","9,304","4,230","9,950","4,437","9,715","4,317","9,215","4,116","9,611","4,174","9,625","4,313","10,081","4,550","10,632","4,826","10,928","4,989","10,365","4,698","10,931","4,931","10,152","4,613","10,271","4,772","11,143","5,106","10,291","4,824","9,876","4,601","11,312","5,279","66,266","28,349","10,804","4,877","11,314","5,137","11,692","5,120","11,812","4,975","11,421","4,563","11,751","4,698","11,723","5,088","12,210","5,303","11,389","5,055","10,487","4,662","11,236","4,944","10,561","4,659","7,922","3,191",71,39
249,기타의 호르몬제(항호르몬제를 포함),714,"14,418",751,"15,445",737,"15,009",743,"15,085",750,"14,955",710,"14,261",734,"14,530",736,"14,955",772,"15,591",802,"16,482",793,"16,142",788,"15,699",758,"15,141",780,"15,748",764,"15,494",765,"15,720",778,"15,609",722,"14,399",834,"17,039",810,"16,658",830,"16,779",836,"17,227",848,"17,506",824,"16,959",765,"15,695",799,"16,534",827,"17,226",814,"16,982",811,"16,795",725,"15,258",783,"15,411",738,"13,601",499,"7,336",14,187
252,자궁수축제,62,74,65,82,60,72,56,67,66,84,58,74,61,80,59,74,59,72,58,72,60,74,59,74,58,76,54,67,52,69,50,62,59,78,52,71,59,81,56,79,54,74,73,79,56,79,59,83,90,112,115,135,111,134,97,108,134,152,113,126,124,144,111,123,92,102,8,8
255,비뇨생식기관용제(성병예방제 포함),"4,113","1,436","4,444","1,554","4,309","1,502","4,621","1,608","4,201","1,451","3,860","1,323","3,976","1,359","4,023","1,385","4,214","1,459","4,419","1,529","4,590","1,587","4,282","1,485","4,611","1,601","4,318","1,499","4,440","1,547","4,754","1,655","4,280","1,489","4,037","1,403","4,799","1,675","4,557","1,585","4,317","1,498","4,682","1,621","4,651","1,620","4,604","1,598","4,496","1,551","4,129","1,450","4,187","1,476","4,696","1,661","4,147","1,463","3,823","1,346","4,187","1,475","3,912","1,396","2,722",984,31,12
256,치질용제,32,89,36,100,36,100,38,104,39,108,34,94,32,90,33,92,37,103,36,98,36,101,34,94,36,100,35,97,35,98,40,112,38,108,36,102,41,115,39,109,37,105,37,104,37,104,38,106,37,104,38,107,41,115,42,118,41,115,38,106,38,107,37,105,32,89,0,1
259,기타의 비뇨생식기관 및 항문용약,"70,068","42,117","75,135","45,298","73,319","44,140","77,416","46,553","75,354","45,316","70,056","42,017","73,851","43,917","73,644","43,968","73,975","44,121","76,853","45,791","79,085","47,107","74,407","44,374","80,148","47,883","75,695","45,323","77,356","46,400","84,279","50,538","76,756","46,091","73,104","43,930","84,558","50,548","80,687","48,223","78,606","47,062","81,469","48,656","81,805","49,085","81,494","48,804","81,369","48,580","81,666","48,914","84,085","49,482","88,793","50,373","83,177","47,183","75,406","42,745","82,480","46,854","76,999","43,806","51,592","29,452",557,329
261,외피용살균소독제,1,3,1,26,1,5,1,6,2,6,0,4,1,4,0,4,1,5,1,5,1,5,1,6,1,4,1,4,1,4,1,5,1,4,1,4,1,4,4,5,2,6,1,27,1,5,1,4,1,4,5,4,1,4,2,5,2,4,6,5,20,5,15,5,4,4,0,0
262,창상보호제,0,0,0,0,0,0,0,0,0,0,0,0,1,0,0,0,1,0,0,0,0,0,0,0,0,0,0,0,0,0,0,0,0,0,0,0,0,0,0,0,0,0,0,0,0,0,0,0,0,0,0,0,0,0,0,0,0,0,0,0,0,0,0,0,0,0,-,-
263,화농성질환용제,40,154,31,101,35,183,31,170,36,141,30,117,34,130,34,151,34,117,36,155,40,157,43,156,35,144,31,112,30,154,32,121,32,156,25,162,27,119,26,135,28,110,36,136,35,126,32,118,31,116,34,123,32,110,31,105,33,110,36,94,27,105,26,77,24,65,1,1
264,진통·진양·수렴·소염제,"2,891","8,377","2,904","8,345","2,710","8,023","2,716","8,001","2,693","8,011","2,443","7,187","2,658","7,879","2,778","8,253","3,147","9,248","3,416","10,099","3,244","9,805","3,193","9,556","3,120","8,865","2,912","8,312","2,780","7,963","2,876","8,398","2,683","7,736","2,562","7,386","3,055","8,547","3,117","8,865","3,076","8,808","3,342","9,722","3,464","10,309","3,207","9,481","3,069","8,856","3,005","8,688","2,788","8,001","2,760","8,113","2,614","7,936","2,403","7,270","2,449","7,225","2,605","7,762","2,317","6,670",24,60
265,기생성 피부질환용제,732,"3,453",671,"3,209",558,"2,678",544,"2,635",524,"2,551",540,"2,577",553,"2,719",583,"2,880",731,"3,582",894,"4,260",899,"4,273",939,"4,322",800,"3,709",611,"2,966",543,"2,667",570,"2,858",524,"2,714",492,"2,498",588,"2,997",615,"3,112",666,"3,429",807,"4,026",932,"4,513",851,"4,189",717,"3,417",632,"3,083",537,"2,658",544,"2,735",487,"2,494",450,"2,327",485,"2,522",529,"2,732",514,"2,634",4,22
266,피부연화제(부식제를 포함),56,196,63,213,65,219,68,226,64,214,58,195,63,210,67,208,66,207,68,211,68,254,59,190,63,200,69,213,70,204,87,242,77,212,68,189,70,175,69,172,65,166,69,177,68,185,65,181,59,163,63,166,66,174,74,193,73,187,65,165,57,150,56,145,44,106,0,1
267,"모발용제(발모,탈모,염모,양모제)",0,0,-,-,-,-,-,-,0,0,0,0,-,-,0,0,0,0,0,0,0,0,1,0,0,0,0,0,1,0,0,0,-,-,0,0,-,-,0,0,-,-,0,0,-,-,-,-,-,-,-,-,-,-,-,-,-,-,-,-,-,-,-,-,-,-,-,-
269,기타의 외피용약,"1,051","3,502","1,035","3,641","1,006","3,828","1,026","3,650","1,002","3,669",889,"3,284",932,"3,450",962,"3,554","1,067","3,846","1,173","3,989","1,169","3,896","1,162","3,690","1,128","3,810","1,041","3,650","1,002","3,586","1,034","3,741",973,"3,469",916,"3,383","1,063","3,889","1,065","3,924","1,056","3,839","1,169","4,035","1,246","4,073","1,214","4,005","1,146","3,793","1,109","3,734","1,050","3,680","1,066","3,823","1,009","3,612",987,"3,455",911,"3,426",961,"3,549",850,"2,697",10,32
311,비타민 A 및 D제,"7,280","3,338","7,877","3,524","7,524","3,397","7,816","3,575","7,574","3,283","7,192","3,081","7,696","3,378","7,902","3,365","8,055","3,228","8,515","3,478","8,674","3,529","8,157","3,335","8,419","3,477","8,139","3,356","8,412","3,399","9,090","3,500","8,388","3,250","8,082","3,092","9,615","3,712","9,230","3,421","8,817","3,301","9,594","3,545","9,737","3,655","9,483","3,527","9,289","3,456","9,366","3,467","9,955","3,600","10,472","3,769","10,041","3,607","9,302","3,302","9,359","3,435","8,490","3,169","5,402","1,994",188,70
312,비타민 B₁제,"5,785",201,"6,051",209,"5,976",222,"6,221",218,"6,342",255,"5,641",197,"5,893",205,"5,689",201,"5,844",215,"6,043",222,"6,255",231,"6,032",214,"6,102",211,"5,962",218,"6,009",214,"6,138",198,"5,991",228,"5,501",195,"6,282",223,"5,522",209,"5,387",213,"5,522",219,"5,675",227,"5,588",222,"5,425",210,"5,374",215,"5,467",214,"5,447",196,"5,437",227,"4,766",183,"4,889",199,"4,283",173,"3,162",118,45,3
313,비타민 B제(비타민 B₁을 제외),"12,122",358,"13,004",383,"12,440",368,"13,126",387,"12,739",375,"11,816",345,"12,442",362,"12,724",372,"12,656",378,"13,472",402,"13,899",413,"13,029",387,"13,989",412,"13,153",390,"13,346",394,"14,426",423,"13,371",395,"12,529",372,"14,834",438,"14,112",420,"13,581",406,"14,581",434,"14,608",437,"14,612",436,"14,502",432,"14,274",429,"14,528",433,"14,973",447,"14,371",428,"12,960",384,"11,791",370,"9,265",307,"5,450",191,86,3
314,비타민 C 및 P제,230,58,242,62,277,69,282,69,339,84,240,60,243,60,233,56,247,60,268,65,272,66,260,63,241,59,244,60,247,61,225,57,269,65,222,54,250,62,245,59,250,61,263,65,272,68,265,67,249,62,254,65,247,61,224,55,252,62,213,52,272,65,242,58,167,40,4,1
315,비타민 E 및 K제,72,17,75,17,76,18,68,16,87,20,70,16,74,17,71,17,75,17,74,17,76,18,70,16,75,17,76,18,75,17,66,15,87,20,68,16,79,18,77,18,74,17,74,17,73,17,73,17,72,17,74,17,72,17,64,15,83,19,63,15,64,15,51,12,33,8,1,0
316,혼합비타민제(비타민 A D 혼합제를 제외),"2,279",505,"2,397",530,"2,464",519,"2,493",474,"2,691",648,"2,363",462,"2,561",512,"2,546",490,"2,505",495,"2,604",523,"2,717",547,"2,572",494,"2,687",489,"2,595",514,"2,576",499,"2,671",439,"2,714",599,"2,494",476,"2,789",543,"2,721",534,"2,706",524,"2,730",494,"2,795",494,"2,781",498,"2,759",499,"2,747",509,"2,788",516,"2,795",440,"2,896",560,"2,516",423,"2,503",409,"2,187",319,"1,546",186,50,7
321,칼슘제,"35,874","2,766","39,384","3,038","37,243","2,873","39,872","3,072","38,373","2,967","35,181","2,716","36,835","2,839","38,758","2,987","39,504","3,044","42,197","3,255","43,422","3,343","39,919","3,057","42,419","3,246","41,379","3,170","42,585","3,268","45,930","3,519","42,545","3,272","40,179","3,088","47,902","3,685","46,366","3,571","45,015","3,462","48,541","3,732","48,916","3,767","47,851","3,702","46,662","3,645","47,695","3,751","49,489","3,907","51,465","4,065","47,999","3,802","43,805","3,461","44,296","3,497","38,235","3,008","25,541","1,999",403,32
322,무기질제제,"14,135","2,046","15,122","2,097","15,413","2,072","16,026","2,258","15,772","2,151","14,270","1,909","14,678","2,071","14,896","2,042","15,191","2,089","16,279","2,382","16,991","2,343","16,171","2,160","16,945","2,294","16,007","2,112","16,295","2,121","17,236","2,325","16,214","2,172","15,097","1,995","17,542","2,444","17,070","2,346","16,748","2,281","17,961","2,570","18,566","2,600","18,532","2,521","18,229","2,568","18,074","2,521","18,294","2,514","18,882","2,689","17,940","2,531","15,913","2,204","15,293","2,265","13,142","1,937","9,135","1,322",173,31
323,당류제,"1,644","2,062","1,743","2,185","1,781","2,253","1,646","2,101","2,263","2,851","1,581","1,999","1,690","2,126","1,624","2,037","1,651","2,075","1,694","2,132","1,743","2,190","1,559","1,968","1,575","1,975","1,673","2,092","1,652","2,068","1,452","1,823","1,947","2,423","1,515","1,889","1,740","2,172","1,693","2,110","1,687","2,099","1,688","2,100","1,697","2,113","1,702","2,116","1,657","2,060","1,717","2,143","1,757","2,186","1,526","1,909","1,963","2,438","1,483","1,854","1,454","1,837","1,006","1,296",573,749,20,27
325,단백아미노산제제,"2,115","14,178","2,015","13,694","2,098","14,267","2,117","12,417","2,374","18,019","2,134","13,357","2,390","15,356","2,381","14,488","2,366","14,984","2,583","15,921","2,688","16,667","2,572","15,580","2,787","16,000","2,607","16,016","2,648","15,825","2,728","14,104","2,931","19,253","2,545","14,985","3,064","17,431","3,000","17,143","2,928","17,325","3,179","18,061","3,303","18,878","3,289","18,839","3,359","18,036","3,198","17,802","3,274","18,066","3,136","15,554","3,315","19,623","2,882","15,013","2,684","14,652","1,974","10,244","1,003","5,181",24,143
326,장기제제,103,84,108,89,100,82,85,70,128,103,87,70,94,75,99,79,103,82,105,84,112,89,91,72,89,71,100,79,91,73,58,48,59,48,27,22,24,20,18,15,16,14,15,13,13,11,6,5,2,2,2,1,1,1,1,0,1,1,0,0,0,0,0,0,0,0,0,0
329,기타의 자양강장변질제,42,580,45,596,42,570,36,483,59,738,37,486,43,562,41,509,39,492,42,528,44,559,40,506,39,499,39,504,39,494,32,398,49,614,38,453,41,515,41,510,42,519,42,518,41,509,42,522,39,496,38,473,37,467,29,370,45,537,30,383,28,350,19,231,8,98,0,3
331,혈액대용제,"15,287","16,296","15,756","16,725","16,354","17,268","15,924","17,012","19,888","20,822","14,071","14,833","14,486","15,140","13,904","14,580","14,956","15,747","15,762","16,690","16,207","17,158","15,212","16,134","14,543","15,269","15,085","16,014","14,791","15,761","13,511","14,504","16,996","17,904","13,588","14,379","15,955","17,000","15,520","16,514","15,559","16,604","16,196","17,344","16,524","17,750","16,303","17,551","15,721","16,805","16,262","17,437","16,327","17,522","14,619","15,840","17,428","18,516","13,605","14,601","14,277","15,379","11,661","12,692","7,183","7,860",289,346
332,지혈제,"1,221","2,865","1,243","2,070","1,405","4,424","1,291","2,010","1,417","2,199","1,200","1,802","1,230","2,488","1,189","2,068","1,234","1,784","1,293","1,973","1,323","2,128","1,189","1,664","1,265","2,469","1,266","2,104","1,276","1,753","1,311","1,931","1,428","3,044","1,206","1,778","1,392","2,054","1,377","2,524","1,304","2,562","1,312","2,031","1,319","2,238","1,275","1,917","1,262","1,626","1,334","1,828","1,398","1,898","1,412","1,697","1,504","2,843","1,203","1,382","1,156","2,194",870,"1,379",492,"1,253",15,16
333,혈액응고저지제,"12,213","16,728","13,128","17,633","12,923","17,523","13,574","18,174","13,479","18,389","12,722","17,079","13,949","18,666","14,000","18,854","13,273","17,616","14,695","19,802","14,978","20,412","13,832","18,781","14,984","20,074","14,384","19,434","14,640","19,701","15,720","20,732","14,790","19,943","13,966","18,784","16,571","21,705","15,785","21,392","14,853","20,494","16,029","21,416","15,868","22,363","15,712","22,445","15,800","22,853","15,575","22,721","16,303","23,441","16,673","23,738","15,999","23,679","14,541","21,117","12,811","18,169","8,852","12,403","3,725","5,192",71,113
339,기타의 혈액 및 체액용약,"58,071","39,288","61,220","42,069","59,633","40,754","65,470","42,512","62,466","43,634","56,320","39,565","57,206","41,512","55,907","40,986","56,139","41,013","57,954","42,120","62,108","44,228","58,738","41,470","60,965","44,140","57,353","42,500","58,306","42,479","66,340","46,986","57,189","43,426","55,409","40,878","61,640","46,280","63,228","45,080","61,234","43,886","64,949","46,125","66,711","46,463","67,271","46,217","68,872","45,928","68,124","46,212","71,686","48,310","76,777","50,977","69,462","47,212","65,108","43,100","70,765","43,546","61,641","36,765","44,704","27,193",432,267
341,인공신장관류용제,"18,672","11,915","19,176","12,594","18,812","12,220","18,978","12,080","20,005","13,181","18,236","11,765","19,553","12,638","19,513","12,533","19,154","12,482","18,660","12,578","19,716","13,212","18,847","12,651","18,941","12,806","19,075","13,094","18,101","12,391","19,270","13,023","19,037","13,220","17,587","12,014","20,206","13,643","20,054","13,291","19,952","13,340","19,994","13,371","20,461","13,802","19,679","13,469","19,640","13,459","19,607","13,428","19,641","13,562","20,404","13,858","19,640","13,870","17,765","12,467","19,577","12,631","19,058","11,240","16,886","7,940","1,031",257
349,기타의 인공관류용제,823,"9,149",877,"9,873",898,"9,049",907,"9,283","1,003","10,032",882,"9,065",966,"9,943",931,"9,620",909,"9,127",942,"9,527",988,"10,053",912,"9,177",943,"9,744",935,"9,601",888,"9,047",923,"9,726",972,"9,797",842,"8,683",954,"9,757",945,"9,786",901,"9,253",938,"9,745",956,"9,918",938,"9,732",939,"9,763",938,"9,519",974,"10,110",927,"9,696","1,000","10,219",865,"9,041",739,"6,969",438,"3,267",247,"1,244",11,101
390,,-,-,-,-,-,-,-,-,-,-,-,-,-,-,-,-,-,-,-,-,-,-,-,-,-,-,-,-,-,-,-,-,-,-,-,-,-,-,-,-,-,-,0,0,0,10,0,15,-,-,-,-,-,-,-,-,-,-,-,-,-,-,-,-,-,-,-,-
391,간장질환용제,"55,910","24,397","60,673","26,500","59,393","25,460","63,167","27,605","62,693","26,535","58,575","25,142","59,315","25,503","59,864","26,041","62,017","26,489","65,002","28,504","67,937","28,624","63,911","26,801","68,457","28,819","65,107","26,910","67,502","28,182","73,696","31,252","68,686","28,336","64,133","26,339","74,144","30,969","71,136","29,524","69,097","28,588","73,061","31,185","74,653","30,805","73,800","30,194","72,146","29,710","73,456","30,332","75,958","31,382","80,827","33,753","75,513","30,766","68,167","27,593","66,676","26,326","58,667","21,960","41,613","14,236",652,280
392,해독제,"5,848","5,705","6,385","6,073","5,974","5,653","6,321","5,973","6,249","5,915","6,013","5,472","6,300","5,875","6,225","5,885","6,153","5,591","6,646","6,035","6,939","6,273","6,658","5,787","7,157","5,991","6,693","5,657","6,688","5,712","7,244","6,079","6,855","5,857","6,244","5,297","7,568","6,280","7,304","5,987","7,032","5,831","7,542","6,114","7,706","6,175","7,800","6,304","7,506","5,983","7,374","5,900","7,579","6,050","7,795","6,196","7,743","6,085","6,834","5,368","6,180","4,625","4,582","2,917","2,003","1,550",34,39
394,통풍치료제,"14,307","2,121","15,160","2,259","14,169","2,124","14,766","2,217","14,528","2,182","13,814","2,089","14,718","2,217","14,594","2,200","15,127","2,284","15,886","2,404","16,354","2,489","15,530","2,372","16,506","2,538","15,226","2,351","15,298","2,372","16,381","2,553","15,359","2,391","14,433","2,253","17,040","2,657","16,428","2,569","16,238","2,546","17,086","2,682","17,701","2,798","17,387","2,758","17,004","2,626","16,739","2,616","17,226","2,696","17,865","2,820","16,840","2,659","15,397","2,428","15,453","2,432","13,806","2,184","10,284","1,629",193,32
395,효소제제,"35,052","10,603","38,736","11,723","39,387","11,332","42,731","11,843","42,612","12,144","32,617","10,333","28,248","10,450","26,201","10,849","29,178","10,419","30,170","11,057","30,391","11,943","28,434","10,990","31,678","11,892","30,783","11,162","33,041","11,285","30,472","11,991","26,449","11,017","26,020","10,413","32,921","12,038","34,095","12,307","31,476","11,391","30,764","11,711","30,234","12,294","28,688","11,888","31,786","11,999","33,851","12,128","38,019","12,342","34,473","12,764","32,806","11,733","36,200","11,605","69,101","13,343","50,981","10,708","32,352","6,114",424,125
396,당뇨병용제,"218,134","87,871","233,974","94,550","224,794","91,011","235,517","94,849","236,049","94,148","232,445","92,632","235,991","94,985","231,440","93,476","235,401","94,765","241,647","97,767","250,036","101,500","236,183","95,915","253,366","102,780","234,549","95,296","238,863","97,243","260,430","106,044","238,839","97,679","228,020","93,213","264,184","108,372","252,314","103,649","246,445","101,205","255,693","105,326","261,609","108,179","255,209","105,790","251,880","104,592","250,853","104,232","257,525","108,462","271,011","122,869","256,235","116,765","234,016","106,180","241,788","106,789","211,798","91,727","159,939","66,629","1,930",866
398,종합대사성제제,-,-,-,-,-,-,-,-,-,-,-,-,-,-,-,-,-,-,-,-,-,-,-,-,0,0,-,-,-,-,-,-,-,-,-,-,-,-,-,-,-,-,-,-,-,-,-,-,-,-,-,-,-,-,-,-,-,-,-,-,-,-,-,-,-,-,-,-
399,따로 분류되지 않는 대사성 의약품,"56,778","51,952","60,506","58,952","59,242","55,156","61,080","57,893","63,455","56,118","55,819","48,773","59,390","51,135","59,781","56,348","61,530","60,434","63,375","62,079","64,874","61,573","60,164","54,659","63,991","55,876","61,267","57,937","61,487","58,775","64,887","61,318","62,935","57,567","58,687","54,078","69,111","67,352","66,209","64,005","60,534","61,628","67,150","64,592","61,454","65,613","60,962","60,165","61,747","60,665","60,245","64,846","61,239","65,160","62,045","65,727","61,049","62,173","54,261","56,845","55,229","60,774","48,076","58,235","35,123","44,952",579,856
421,항악성종양제,"10,436","149,503","11,284","163,809","10,583","152,257","11,061","159,234","11,197","162,582","10,250","147,013","11,126","164,952","11,309","166,259","10,558","154,557","11,716","169,012","11,969","178,597","10,982","166,563","11,618","173,403","10,810","167,599","11,211","172,710","12,108","186,388","11,245","174,210","10,495","161,630","12,525","193,866","11,776","186,513","11,156","180,236","12,231","191,972","12,100","191,755","12,454","201,581","11,818","192,869","11,715","189,137","12,250","198,612","12,524","209,066","12,141","192,344","11,052","177,606","10,235","151,171","7,008","70,431","2,881","26,292",39,"1,355"
429,기타의 종양치료제,244,843,289,"1,001",277,952,267,945,281,963,244,844,277,955,282,965,262,902,292,"1,010",303,897,262,778,275,831,300,867,270,804,292,881,299,866,254,766,307,946,293,908,282,868,313,939,303,926,291,890,309,917,293,878,298,889,334,988,325,949,279,828,174,631,66,347,17,57,2,5
431,방사성 의약품,"1,014","7,321","1,095","7,930","1,083","7,835","1,091","7,799","1,109","8,137","1,029","7,531","1,019","7,614","1,007","7,354","1,063","7,852","1,197","8,592","1,216","8,764","1,071","7,712","1,046","7,487","1,058","7,594","1,137","8,105","1,145","8,085","1,139","8,342",991,"7,088","1,237","9,004","1,199","8,634","1,090","7,902","1,232","9,067","1,222","8,985","1,188","8,803","1,047","7,893","1,134","8,399","1,208","8,983","1,199","8,796","1,146","8,299","1,021","7,571",998,"6,818",779,"4,581",223,"1,452",4,30
439,기타의 조직세포의 치료 및 진단,71,"26,000",78,"28,471",71,"26,183",78,"28,258",74,"27,555",71,"25,794",76,"27,592",78,"28,636",76,"28,237",80,"29,772",85,"31,562",78,"28,994",85,"31,625",79,"29,716",81,"29,793",86,"31,527",83,"30,474",78,"28,311",91,"33,765",87,"32,349",84,"31,458",89,"30,681",90,"30,658",92,"31,035",89,"30,352",88,"30,202",93,"31,185",96,"32,407",92,"30,693",86,"28,731",68,"24,825",46,"18,399",18,"7,156",1,244
490,기타의 조직세포의 기능용의약품,"1,056",941,"1,079",964,"1,053",940,"1,018",909,869,768,630,557,614,547,634,565,689,609,737,648,727,640,713,630,622,549,680,600,661,583,634,561,738,654,585,520,702,621,657,582,639,565,671,593,683,606,655,582,611,543,648,575,669,594,622,552,669,589,544,480,542,478,506,448,338,301,16,15
611,주로 그람양성균에 작용하는 것,628,"3,520",694,"3,622",698,"3,482",666,"2,610",901,"4,952",618,"3,211",609,"3,857",552,"3,446",569,"3,466",592,"3,609",617,"3,797",565,"3,466",575,"3,371",565,"3,541",555,"3,375",478,"2,582",653,"4,807",492,"3,267",582,"3,656",583,"3,656",578,"3,681",598,"3,813",620,"3,897",606,"3,930",575,"3,617",601,"3,657",631,"3,698",526,"2,812",694,"4,540",523,"2,829",539,"2,522",435,"1,737",296,788,4,10
612,주로 그람음성균에 작용하는 것,699,"1,772",709,"1,768",728,"1,697",719,"1,496",789,"2,099",652,"1,501",653,"1,638",623,"1,479",670,"1,607",704,"1,666",734,"1,774",729,"1,705",713,"1,643",668,"1,568",655,"1,497",619,"1,249",665,"1,810",574,"1,378",670,"1,603",674,"1,585",665,"1,543",701,"1,592",755,"1,761",729,"1,615",682,"1,567",619,"1,478",546,"1,363",505,"1,146",565,"1,606",484,"1,082",562,"1,217",584,"1,107",489,858,8,13
613,주로 항산성균에 작용하는 것,"1,073",257,"1,101",262,"1,050",270,"1,102",278,"1,093",278,962,249,971,249,925,242,869,229,923,239,996,261,975,251,"1,052",265,959,241,946,244,"1,033",261,993,251,901,227,984,251,964,246,901,228,920,245,944,251,962,254,940,249,888,230,907,238,925,244,911,237,747,193,577,147,399,94,136,30,3,1
614,"주로 그람양성균,리케치아,비루스에 작용하는 것","6,460","3,414","7,990","4,115","8,811","4,442","9,497","4,831","8,658","4,733","6,087","3,417","4,708","2,756","3,991","2,378","4,174","2,440","4,216","2,466","4,213","2,484","3,954","2,352","4,428","2,633","4,359","2,541","4,884","2,757","4,564","2,691","3,808","2,317","3,754","2,257","4,622","2,686","5,075","2,885","4,735","2,720","4,633","2,725","4,588","2,767","4,263","2,636","4,640","2,750","5,313","2,963","6,123","3,355","5,436","3,057","5,448","2,964","5,364","3,072","7,829","4,548","6,173","3,519","4,287","2,341",32,18
615,"주로 그람음성균,리케치아,비루스에 작용하는 것","4,957",726,"5,242",762,"5,075",731,"5,052",725,"5,018",723,"4,611",668,"4,655",686,"4,787",706,"5,254",779,"5,372",792,"5,687",837,"5,595",825,"5,773",844,"5,095",732,"4,948",714,"5,138",751,"4,787",697,"4,447",637,"5,021",711,"4,854",700,"4,604",680,"4,731",709,"5,003",765,"4,885",753,"4,771",738,"4,825",743,"4,936",765,"5,108",792,"4,789",749,"4,394",689,"4,365",692,"4,379",703,"3,755",614,35,6
616,"주로 곰팡이,원충에 작용하는 것",21,"2,496",20,"2,423",17,"2,015",9,"1,098",27,"3,349",16,"1,896",19,"2,290",17,"2,024",16,"1,866",19,"2,234",23,"2,854",18,"2,173",17,"2,048",18,"2,191",17,"2,120",11,"1,276",26,"3,170",16,"1,999",20,"2,505",18,"2,301",18,"2,251",17,"2,121",20,"2,495",22,"2,791",18,"2,221",18,"2,290",17,"2,146",10,"1,183",27,"3,349",14,"1,671",5,549,1,162,0,33,-,-
617,주로 악성종양에 작용하는 것,27,872,28,907,27,879,28,914,29,932,26,817,29,923,28,876,27,858,28,865,30,900,26,793,27,858,27,821,28,847,28,813,29,836,26,760,30,904,29,879,28,846,29,859,29,873,30,883,28,861,28,828,28,862,28,864,28,846,25,789,22,706,11,469,5,276,0,26
618,"주로 그람양성,음성균에 작용하는 것","181,079","76,443","203,552","82,951","217,456","85,596","237,552","87,435","203,868","96,956","148,003","69,245","101,746","61,992","89,982","56,872","111,458","61,678","121,927","65,283","119,032","66,507","104,728","62,398","98,532","60,656","110,213","61,512","141,752","65,167","108,343","57,625","82,857","63,314","82,569","53,506","126,744","65,321","140,009","66,373","122,266","63,559","112,011","63,893","104,048","65,329","88,628","62,680","109,661","63,269","139,655","68,682","172,573","75,956","142,250","65,720","146,063","73,710","128,461","63,550","169,313","80,743","139,257","63,950","119,315","43,610","1,660",906
619,기타의 항생물질 제제(복합항생물질제제를 포함),"24,247","8,833","32,389","11,247","37,757","12,825","39,884","14,060","29,729","13,144","18,983","8,226","11,546","5,678","9,100","4,579","10,602","4,903","11,385","5,144","10,931","5,178","9,056","4,610","8,807","4,959","10,735","5,201","15,517","6,433","11,132","5,613","7,610","4,743","7,411","4,009","12,381","5,417","15,233","6,148","13,317","5,600","11,330","5,204","9,158","4,335","6,679","3,717","9,618","4,241","16,122","5,789","23,461","8,277","17,068","6,850","18,780","6,609","15,004","6,482","20,172","10,508","16,315","7,641","13,330","4,723",193,68
621,설화제,"3,883",553,"4,130",586,"4,039",563,"4,300",568,"4,146",605,"3,727",517,"3,855",556,"3,800",537,"3,772",534,"4,035",573,"4,216",605,"3,847",534,"4,146",601,"3,803",550,"3,931",559,"4,122",560,"3,939",595,"3,607",518,"4,255",608,"4,062",577,"3,948",568,"4,186",609,"4,197",601,"4,163",611,"4,113",496,"3,986",475,"4,191",503,"4,162",468,"4,136",521,"3,670",420,"3,016",328,"2,204",224,"1,368",126,22,2
622,항결핵제,"3,315",977,"3,394",997,"3,219","1,003","3,366",976,"3,321","1,011","2,993",971,"2,976",848,"2,850",834,"2,666",792,"2,774",882,"2,979",997,"2,899",924,"3,104","1,012","2,810",896,"2,760",977,"3,032","1,408","2,823","1,292","2,618","1,256","2,830","1,435","2,764","1,518","2,621","1,225","2,665","1,226","2,706","1,407","2,749","1,375","2,679","1,293","2,514","1,097","2,573","1,390","2,650","1,291","2,520","1,411","2,141",991,"1,627",688,"1,120",439,372,58,11,1
623,치나제,2,0,3,0,2,0,7,1,10,1,11,1,12,1,14,2,14,2,15,2,17,2,17,2,17,2,16,2,16,2,19,2,18,2,16,2,19,2,19,2,19,2,20,3,20,2,20,3,18,2,18,2,17,2,18,2,15,2,14,2,13,2,13,2,4,0,0,0
629,기타의 화학요법제,"35,466","65,505","33,979","68,257","33,501","63,490","49,736","70,313","47,310","75,822","28,198","58,611","26,563","59,415","26,092","56,251","28,298","56,804","30,650","62,206","31,545","64,187","31,048","62,130","30,677","63,802","26,941","58,460","26,372","58,019","27,580","61,023","25,339","60,565","23,717","54,122","27,365","61,741","27,125","58,892","26,965","57,616","29,099","62,036","31,451","65,355","30,235","63,461","28,831","61,121","28,527","60,705","27,700","60,717","27,691","60,195","26,078","61,498","23,904","53,057","26,472","48,148","23,725","38,834","19,440","27,175",240,409
631,백신류,0,19,0,13,0,11,0,10,0,16,0,11,0,7,0,7,0,9,0,9,0,8,0,7,0,8,0,9,0,6,0,6,0,4,0,6,0,6,0,7,0,6,0,8,0,11,0,7,0,6,0,8,0,7,0,4,0,3,0,5,0,2,0,5,0,2,-,-
632,독소류 및 톡소이드류,1,208,1,266,1,265,1,236,2,256,1,207,1,214,1,205,1,252,1,280,2,309,1,227,1,224,1,269,2,296,1,268,1,268,1,236,2,309,2,294,1,247,2,283,2,303,1,257,1,244,2,288,2,298,1,248,1,177,1,125,1,162,1,179,0,91,0,2
633,항독소 및 렙토스피라혈청류,1,130,0,52,0,4,-,-,0,1,0,0,0,8,0,23,0,97,1,107,1,119,1,147,1,111,0,66,0,5,-,-,0,2,-,-,0,6,0,44,0,79,1,109,1,144,1,139,1,139,0,58,0,4,0,1,-,-,-,-,0,3,0,39,0,30,0,2
634,혈액제제류,"5,569","19,845","5,847","20,667","6,014","19,750","5,992","18,446","6,109","23,217","5,635","18,953","6,123","21,109","5,639","19,836","6,045","20,771","5,848","20,909","6,449","21,943","5,791","19,994","6,311","20,893","5,631","21,240","5,399","20,730","6,367","19,681","5,817","23,286","5,183","19,266","5,793","22,070","5,700","21,193","5,649","21,587","5,769","22,265","6,056","22,590","5,707","22,579","5,388","21,605","5,961","22,453","5,828","22,142","6,000","20,348","5,768","23,807","5,371","19,752","5,451","18,671","5,051","14,356","4,031","8,465",2,128
635,생물학적 시험용제제류,0,7,0,8,0,10,0,9,0,8,0,6,0,6,0,6,0,7,0,7,0,7,0,6,0,6,0,7,0,8,0,7,0,7,0,5,0,7,0,6,0,6,0,7,0,6,0,7,0,5,0,8,0,6,0,6,0,7,0,6,0,5,0,4,0,2,0,0
636,생물학적 제제,0,25,0,14,0,14,0,13,0,17,0,10,0,7,0,15,0,15,0,8,0,8,0,10,0,12,0,22,0,6,0,13,0,6,0,13,0,12,0,8,0,10,0,13,0,11,0,13,0,5,0,9,0,11,0,4,0,6,0,6,0,2,0,9,0,1,-,-
639,기타의 생물학적 제제,6,"3,715",8,"3,928",6,"3,489",7,"3,638",7,"3,900",6,"3,382",7,"3,747",6,"3,921",7,"3,646",7,"4,057",7,"4,355",7,"4,027",7,"4,659",6,"4,055",6,"3,940",7,"4,667",7,"4,132",6,"3,899",7,"4,572",7,"4,589",6,"4,116",7,"4,401",7,"5,939",8,"6,662",6,"5,229",6,"4,436",6,"4,858",7,"5,491",6,"4,103",6,"4,577",4,"2,838",1,620,0,208,-,-
641,항원충제,"8,501","1,577","9,021","1,651","8,696","1,577","9,244","1,615","8,856","1,668","8,081","1,470","8,114","1,533","8,122","1,526","8,467","1,573","8,828","1,659","9,275","1,735","8,777","1,620","9,186","1,667","8,495","1,556","8,620","1,564","9,235","1,614","8,627","1,627","7,798","1,432","9,067","1,666","8,721","1,606","8,442","1,567","9,178","1,702","9,445","1,751","9,199","1,703","8,907","1,661","9,046","1,680","9,166","1,676","9,688","1,692","9,074","1,705","7,985","1,463","7,322","1,319","6,436","1,081","4,860",745,107,26
642,구충제,11,7,8,5,9,5,19,12,27,18,17,11,12,7,10,7,11,7,11,7,10,6,8,5,7,5,8,5,8,5,8,5,8,5,8,5,10,6,10,6,8,5,10,6,9,5,8,5,6,3,6,3,7,3,7,3,6,3,7,3,5,3,3,2,3,1,0,0
712,연고기제,0,0,-,-,0,0,0,0,-,-,-,-,-,-,0,0,-,-,0,0,-,-,-,-,-,-,-,-,-,-,-,-,0,0,-,-,-,-,-,-,-,-,-,-,-,-,-,-,-,-,-,-,-,-,0,0,-,-,-,-,0,0,0,0,-,-,-,-
713,용해제,793,215,819,223,790,219,718,197,990,294,686,196,735,214,699,204,760,216,819,227,828,236,753,216,728,214,766,224,749,217,649,193,922,281,704,210,836,243,798,236,814,240,844,244,882,254,896,259,859,252,896,264,905,275,766,241,"1,014",312,730,223,707,229,491,150,268,78,14,4
721,X선조영제,"3,375","34,540","3,714","37,242","3,565","36,850","3,285","37,352","3,659","37,336","2,819","31,664","2,886","30,810","2,928","32,406","3,327","35,848","3,444","38,843","3,691","40,008","2,979","35,390","2,962","34,298","3,260","36,314","3,487","37,218","3,090","36,706","3,595","37,338","3,151","33,105","3,602","40,792","3,490","39,483","3,145","37,820","3,447","41,699","3,401","41,604","3,296","40,502","3,003","37,132","3,187","39,398","3,308","40,365","2,992","39,336","3,297","37,559","2,585","33,004","2,495","31,734","2,147","25,599","1,216","12,506",26,564
722,일반검사용 시약,11,68,12,74,12,73,12,73,11,72,10,63,10,64,11,67,11,70,12,76,13,79,10,63,10,66,11,69,12,73,11,72,11,70,10,62,13,82,13,79,11,69,12,77,11,74,11,72,11,57,11,60,12,64,12,63,11,58,9,49,11,55,9,49,4,20,0,0
728,기능검사용 시약,15,193,15,196,14,185,13,172,16,203,14,179,15,201,17,231,19,254,19,253,19,252,16,223,18,240,16,213,16,202,17,231,20,275,18,245,21,283,20,264,18,234,20,249,20,247,20,253,17,220,17,210,16,200,15,190,15,189,12,144,10,128,7,87,3,40,0,1
729,기타의 진단용약,70,72,77,79,74,78,66,77,72,76,44,74,40,71,37,71,33,76,33,77,33,78,31,71,32,72,33,75,32,75,34,80,32,75,30,67,32,75,33,76,32,76,33,77,32,77,30,71,29,67,32,76,32,75,33,77,30,71,26,62,27,63,27,62,16,36,0,1
799,따로 분류되지 않고 치료를 주목적으로 하지 않는 의약품,0,4,0,5,0,4,0,8,0,6,0,3,0,6,0,6,0,5,0,5,0,5,0,4,0,6,0,6,0,5,0,5,0,5,0,6,0,6,0,7,0,8,0,4,0,5,0,5,0,2,0,4,0,5,0,5,0,4,0,3,0,5,0,3,0,2,-,-
811,아편알카로이드계 제제,"4,214","1,758","4,494","1,727","4,389","1,601","4,495","1,499","5,095","1,905","4,003","1,427","3,952","1,540","3,768","1,446","3,738","1,461","3,891","1,474","4,015","1,556","3,688","1,458","3,869","1,503","3,702","1,456","3,695","1,459","3,752","1,333","3,833","1,663","3,434","1,362","3,976","1,573","3,837","1,548","3,674","1,489","3,845","1,546","3,813","1,528","3,849","1,524","3,745","1,454","3,707","1,431","3,904","1,457","3,784","1,321","3,920","1,648","3,419","1,255","3,551","1,198","2,711",923,"1,201",491,38,14
821,합성마약,"5,526","10,480","5,832","10,903","5,561","10,417","5,539","10,198","6,204","12,127","5,212","9,897","5,676","10,986","5,628","10,578","5,514","10,521","5,951","11,300","6,170","11,533","5,659","10,600","6,013","11,078","5,741","10,768","5,788","10,800","5,865","10,769","6,096","11,798","5,407","10,086","6,297","11,691","6,067","11,241","5,829","10,944","6,063","11,416","6,007","11,320","6,088","11,521","5,963","11,188","5,805","10,959","5,922","11,277","5,882","11,092","6,086","11,907","5,238","9,840","4,824","9,029","3,324","5,853","1,512","2,695",49,116
999,해당사항없음,150,264,171,303,242,278,232,289,463,"1,244",312,985,382,"8,872",273,843,300,897,366,"1,061",384,991,389,976,422,957,418,"1,056",406,"1,093",373,954,438,"1,130",429,951,456,"1,141",401,"1,143",417,"1,144",419,"1,293",528,"1,346",475,"1,303",422,"1,320",480,"1,456",502,"1,523",532,"1,509",435,"1,524",422,"1,241",515,"1,215",392,"1,125",276,709,14,51
